username,password
user001,123456
user002,123456
user003,123456
user004,123456
user005,123456
user006,123456
user007,123456
user008,123456
user009,123456
user010,123456
user011,123456
user012,123456
user013,123456
user014,123456
user015,123456
user016,123456
user017,123456
user018,123456
user019,123456
user020,123456
user021,123456
user022,123456
user023,123456
user024,123456
user025,123456
user026,123456
user027,123456
user028,123456
user029,123456
user030,123456
user031,123456
user032,123456
user033,123456
user034,123456
user035,123456
user036,123456
user037,123456
user038,123456
user039,123456
user040,123456
user041,123456
user042,123456
user043,123456
user044,123456
user045,123456
user046,123456
user047,123456
user048,123456
user049,123456
user050,123456
user051,123456
user052,123456
user053,123456
user054,123456
user055,123456
user056,123456
user057,123456
user058,123456
user059,123456
user060,123456
user061,123456
user062,123456
user063,123456
user064,123456
user065,123456
user066,123456
user067,123456
user068,123456
user069,123456
user070,123456
user071,123456
user072,123456
user073,123456
user074,123456
user075,123456
user076,123456
user077,123456
user078,123456
user079,123456
user080,123456
user081,123456
user082,123456
user083,123456
user084,123456
user085,123456
user086,123456
user087,123456
user088,123456
user089,123456
user090,123456
user091,123456
user092,123456
user093,123456
user094,123456
user095,123456
user096,123456
user097,123456
user098,123456
user099,123456
user100,123456
user101,123456
user102,123456
user103,123456
user104,123456
user105,123456
user106,123456
user107,123456
user108,123456
user109,123456
user110,123456
user111,123456
user112,123456
user113,123456
user114,123456
user115,123456
user116,123456
user117,123456
user118,123456
user119,123456
user120,123456
user121,123456
user122,123456
user123,123456
user124,123456
user125,123456
user126,123456
user127,123456
user128,123456
user129,123456
user130,123456
user131,123456
user132,123456
user133,123456
user134,123456
user135,123456
user136,123456
user137,123456
user138,123456
user139,123456
user140,123456
user141,123456
user142,123456
user143,123456
user144,123456
user145,123456
user146,123456
user147,123456
user148,123456
user149,123456
user150,123456
user151,123456
user152,123456
user153,123456
user154,123456
user155,123456
user156,123456
user157,123456
user158,123456
user159,123456
user160,123456
user161,123456
user162,123456
user163,123456
user164,123456
user165,123456
user166,123456
user167,123456
user168,123456
user169,123456
user170,123456
user171,123456
user172,123456
user173,123456
user174,123456
user175,123456
user176,123456
user177,123456
user178,123456
user179,123456
user180,123456
user181,123456
user182,123456
user183,123456
user184,123456
user185,123456
user186,123456
user187,123456
user188,123456
user189,123456
user190,123456
user191,123456
user192,123456
user193,123456
user194,123456
user195,123456
user196,123456
user197,123456
user198,123456
user199,123456
user200,123456
user201,123456
user202,123456
user203,123456
user204,123456
user205,123456
user206,123456
user207,123456
user208,123456
user209,123456
user210,123456
user211,123456
user212,123456
user213,123456
user214,123456
user215,123456
user216,123456
user217,123456
user218,123456
user219,123456
user220,123456
user221,123456
user222,123456
user223,123456
user224,123456
user225,123456
user226,123456
user227,123456
user228,123456
user229,123456
user230,123456
user231,123456
user232,123456
user233,123456
user234,123456
user235,123456
user236,123456
user237,123456
user238,123456
user239,123456
user240,123456
user241,123456
user242,123456
user243,123456
user244,123456
user245,123456
user246,123456
user247,123456
user248,123456
user249,123456
user250,123456
user251,123456
user252,123456
user253,123456
user254,123456
user255,123456
user256,123456
user257,123456
user258,123456
user259,123456
user260,123456
user261,123456
user262,123456
user263,123456
user264,123456
user265,123456
user266,123456
user267,123456
user268,123456
user269,123456
user270,123456
user271,123456
user272,123456
user273,123456
user274,123456
user275,123456
user276,123456
user277,123456
user278,123456
user279,123456
user280,123456
user281,123456
user282,123456
user283,123456
user284,123456
user285,123456
user286,123456
user287,123456
user288,123456
user289,123456
user290,123456
user291,123456
user292,123456
user293,123456
user294,123456
user295,123456
user296,123456
user297,123456
user298,123456
user299,123456
user300,123456
user301,123456
user302,123456
user303,123456
user304,123456
user305,123456
user306,123456
user307,123456
user308,123456
user309,123456
user310,123456
user311,123456
user312,123456
user313,123456
user314,123456
user315,123456
user316,123456
user317,123456
user318,123456
user319,123456
user320,123456
user321,123456
user322,123456
user323,123456
user324,123456
user325,123456
user326,123456
user327,123456
user328,123456
user329,123456
user330,123456
user331,123456
user332,123456
user333,123456
user334,123456
user335,123456
user336,123456
user337,123456
user338,123456
user339,123456
user340,123456
user341,123456
user342,123456
user343,123456
user344,123456
user345,123456
user346,123456
user347,123456
user348,123456
user349,123456
user350,123456
user351,123456
user352,123456
user353,123456
user354,123456
user355,123456
user356,123456
user357,123456
user358,123456
user359,123456
user360,123456
user361,123456
user362,123456
user363,123456
user364,123456
user365,123456
user366,123456
user367,123456
user368,123456
user369,123456
user370,123456
user371,123456
user372,123456
user373,123456
user374,123456
user375,123456
user376,123456
user377,123456
user378,123456
user379,123456
user380,123456
user381,123456
user382,123456
user383,123456
user384,123456
user385,123456
user386,123456
user387,123456
user388,123456
user389,123456
user390,123456
user391,123456
user392,123456
user393,123456
user394,123456
user395,123456
user396,123456
user397,123456
user398,123456
user399,123456
user400,123456
user401,123456
user402,123456
user403,123456
user404,123456
user405,123456
user406,123456
user407,123456
user408,123456
user409,123456
user410,123456
user411,123456
user412,123456
user413,123456
user414,123456
user415,123456
user416,123456
user417,123456
user418,123456
user419,123456
user420,123456
user421,123456
user422,123456
user423,123456
user424,123456
user425,123456
user426,123456
user427,123456
user428,123456
user429,123456
user430,123456
user431,123456
user432,123456
user433,123456
user434,123456
user435,123456
user436,123456
user437,123456
user438,123456
user439,123456
user440,123456
user441,123456
user442,123456
user443,123456
user444,123456
user445,123456
user446,123456
user447,123456
user448,123456
user449,123456
user450,123456
user451,123456
user452,123456
user453,123456
user454,123456
user455,123456
user456,123456
user457,123456
user458,123456
user459,123456
user460,123456
user461,123456
user462,123456
user463,123456
user464,123456
user465,123456
user466,123456
user467,123456
user468,123456
user469,123456
user470,123456
user471,123456
user472,123456
user473,123456
user474,123456
user475,123456
user476,123456
user477,123456
user478,123456
user479,123456
user480,123456
user481,123456
user482,123456
user483,123456
user484,123456
user485,123456
user486,123456
user487,123456
user488,123456
user489,123456
user490,123456
user491,123456
user492,123456
user493,123456
user494,123456
user495,123456
user496,123456
user497,123456
user498,123456
user499,123456
user500,123456
user501,123456
user502,123456
user503,123456
user504,123456
user505,123456
user506,123456
user507,123456
user508,123456
user509,123456
user510,123456
user511,123456
user512,123456
user513,123456
user514,123456
user515,123456
user516,123456
user517,123456
user518,123456
user519,123456
user520,123456
user521,123456
user522,123456
user523,123456
user524,123456
user525,123456
user526,123456
user527,123456
user528,123456
user529,123456
user530,123456
user531,123456
user532,123456
user533,123456
user534,123456
user535,123456
user536,123456
user537,123456
user538,123456
user539,123456
user540,123456
user541,123456
user542,123456
user543,123456
user544,123456
user545,123456
user546,123456
user547,123456
user548,123456
user549,123456
user550,123456
user551,123456
user552,123456
user553,123456
user554,123456
user555,123456
user556,123456
user557,123456
user558,123456
user559,123456
user560,123456
user561,123456
user562,123456
user563,123456
user564,123456
user565,123456
user566,123456
user567,123456
user568,123456
user569,123456
user570,123456
user571,123456
user572,123456
user573,123456
user574,123456
user575,123456
user576,123456
user577,123456
user578,123456
user579,123456
user580,123456
user581,123456
user582,123456
user583,123456
user584,123456
user585,123456
user586,123456
user587,123456
user588,123456
user589,123456
user590,123456
user591,123456
user592,123456
user593,123456
user594,123456
user595,123456
user596,123456
user597,123456
user598,123456
user599,123456
user600,123456
user601,123456
user602,123456
user603,123456
user604,123456
user605,123456
user606,123456
user607,123456
user608,123456
user609,123456
user610,123456
user611,123456
user612,123456
user613,123456
user614,123456
user615,123456
user616,123456
user617,123456
user618,123456
user619,123456
user620,123456
user621,123456
user622,123456
user623,123456
user624,123456
user625,123456
user626,123456
user627,123456
user628,123456
user629,123456
user630,123456
user631,123456
user632,123456
user633,123456
user634,123456
user635,123456
user636,123456
user637,123456
user638,123456
user639,123456
user640,123456
user641,123456
user642,123456
user643,123456
user644,123456
user645,123456
user646,123456
user647,123456
user648,123456
user649,123456
user650,123456
user651,123456
user652,123456
user653,123456
user654,123456
user655,123456
user656,123456
user657,123456
user658,123456
user659,123456
user660,123456
user661,123456
user662,123456
user663,123456
user664,123456
user665,123456
user666,123456
user667,123456
user668,123456
user669,123456
user670,123456
user671,123456
user672,123456
user673,123456
user674,123456
user675,123456
user676,123456
user677,123456
user678,123456
user679,123456
user680,123456
user681,123456
user682,123456
user683,123456
user684,123456
user685,123456
user686,123456
user687,123456
user688,123456
user689,123456
user690,123456
user691,123456
user692,123456
user693,123456
user694,123456
user695,123456
user696,123456
user697,123456
user698,123456
user699,123456
user700,123456
user701,123456
user702,123456
user703,123456
user704,123456
user705,123456
user706,123456
user707,123456
user708,123456
user709,123456
user710,123456
user711,123456
user712,123456
user713,123456
user714,123456
user715,123456
user716,123456
user717,123456
user718,123456
user719,123456
user720,123456
user721,123456
user722,123456
user723,123456
user724,123456
user725,123456
user726,123456
user727,123456
user728,123456
user729,123456
user730,123456
user731,123456
user732,123456
user733,123456
user734,123456
user735,123456
user736,123456
user737,123456
user738,123456
user739,123456
user740,123456
user741,123456
user742,123456
user743,123456
user744,123456
user745,123456
user746,123456
user747,123456
user748,123456
user749,123456
user750,123456
user751,123456
user752,123456
user753,123456
user754,123456
user755,123456
user756,123456
user757,123456
user758,123456
user759,123456
user760,123456
user761,123456
user762,123456
user763,123456
user764,123456
user765,123456
user766,123456
user767,123456
user768,123456
user769,123456
user770,123456
user771,123456
user772,123456
user773,123456
user774,123456
user775,123456
user776,123456
user777,123456
user778,123456
user779,123456
user780,123456
user781,123456
user782,123456
user783,123456
user784,123456
user785,123456
user786,123456
user787,123456
user788,123456
user789,123456
user790,123456
user791,123456
user792,123456
user793,123456
user794,123456
user795,123456
user796,123456
user797,123456
user798,123456
user799,123456
user800,123456
user801,123456
user802,123456
user803,123456
user804,123456
user805,123456
user806,123456
user807,123456
user808,123456
user809,123456
user810,123456
user811,123456
user812,123456
user813,123456
user814,123456
user815,123456
user816,123456
user817,123456
user818,123456
user819,123456
user820,123456
user821,123456
user822,123456
user823,123456
user824,123456
user825,123456
user826,123456
user827,123456
user828,123456
user829,123456
user830,123456
user831,123456
user832,123456
user833,123456
user834,123456
user835,123456
user836,123456
user837,123456
user838,123456
user839,123456
user840,123456
user841,123456
user842,123456
user843,123456
user844,123456
user845,123456
user846,123456
user847,123456
user848,123456
user849,123456
user850,123456
user851,123456
user852,123456
user853,123456
user854,123456
user855,123456
user856,123456
user857,123456
user858,123456
user859,123456
user860,123456
user861,123456
user862,123456
user863,123456
user864,123456
user865,123456
user866,123456
user867,123456
user868,123456
user869,123456
user870,123456
user871,123456
user872,123456
user873,123456
user874,123456
user875,123456
user876,123456
user877,123456
user878,123456
user879,123456
user880,123456
user881,123456
user882,123456
user883,123456
user884,123456
user885,123456
user886,123456
user887,123456
user888,123456
user889,123456
user890,123456
user891,123456
user892,123456
user893,123456
user894,123456
user895,123456
user896,123456
user897,123456
user898,123456
user899,123456
user900,123456
user901,123456
user902,123456
user903,123456
user904,123456
user905,123456
user906,123456
user907,123456
user908,123456
user909,123456
user910,123456
user911,123456
user912,123456
user913,123456
user914,123456
user915,123456
user916,123456
user917,123456
user918,123456
user919,123456
user920,123456
user921,123456
user922,123456
user923,123456
user924,123456
user925,123456
user926,123456
user927,123456
user928,123456
user929,123456
user930,123456
user931,123456
user932,123456
user933,123456
user934,123456
user935,123456
user936,123456
user937,123456
user938,123456
user939,123456
user940,123456
user941,123456
user942,123456
user943,123456
user944,123456
user945,123456
user946,123456
user947,123456
user948,123456
user949,123456
user950,123456
user951,123456
user952,123456
user953,123456
user954,123456
user955,123456
user956,123456
user957,123456
user958,123456
user959,123456
user960,123456
user961,123456
user962,123456
user963,123456
user964,123456
user965,123456
user966,123456
user967,123456
user968,123456
user969,123456
user970,123456
user971,123456
user972,123456
user973,123456
user974,123456
user975,123456
user976,123456
user977,123456
user978,123456
user979,123456
user980,123456
user981,123456
user982,123456
user983,123456
user984,123456
user985,123456
user986,123456
user987,123456
user988,123456
user989,123456
user990,123456
user991,123456
user992,123456
user993,123456
user994,123456
user995,123456
user996,123456
user997,123456
user998,123456
user999,123456
user1000,123456
